SLIDE,TITLE,SPEAKER,PURPOSE,KEY_MESSAGE,EVIDENCE_BASIS,EXPECTED_QUESTION,SAFE_ANSWER_BOUNDARY,HANDOFF
1,T-OCS V7.0 REVISION-2,Naif,Open the meeting and state the objective.,"A testable engineering hypothesis, not a proven product.",V7/V6 disclosure.,What are we deciding today?,No technical implementation detail.,Naif → John
2,Meeting Objective,Naif,Define the decision this meeting must produce.,"Determine fit, evidence needs, entry criteria, NDA and next action.",Meeting system.,What would make this meeting useful?,No commitments inferred.,Naif → John
3,Engineering Problem,John,Explain the problem without marketing.,Rear-seat occupant motion is a coupled system problem.,V6/V7 disclosure.,What exactly is coupled?,No proprietary mechanism or exact values.,John
4,Problem Structure / Coupled System,John,Show interactions.,Occupant ↔ seat kinematics ↔ restraint ↔ structure ↔ vehicle boundary ↔ timing.,V6/V7 system framing.,Where do trade-offs appear?,No vehicle-specific geometry.,John
5,Why One Feature Is Not Enough,John,Explain coupling risks.,A local optimization can move the problem elsewhere.,Engineering reasoning + V7 framing.,How is a trade-off tested?,No performance claim.,John
6,How the Design Hypothesis Emerged,John,Explain derivation logic while separating chronology.,Problem → Constraint → Question → Hypothesis → Function → Evidence.,V7/V6 + explicit project logic.,Which steps are historical vs reconstructed?,Historical chronology not established.,John
7,T-OCS Functional Concept,John,Explain what T-OCS does at L1.,"Coordinate seat motion, seatback motion, occupant interaction and load paths.",V7 disclosure.,What is the functional core?,No proprietary implementation.,John
8,Functional System Architecture,John,Show the architecture as functions.,Motion management + occupant interface + load paths + event states + rebound.,V7/V6 disclosure.,How are functions separated?,No exact dimensions/forces.,John
9,Intended Controlled Response,John,Explain expected response sequence.,System behavior is intended to be state-dependent and measurable.,Canonical state vocabulary.,What is actually validated?,State labels are design/model framing; not physical validation.,John → Naif
10,Why This Approach May Justify Evaluation,John,Make the evaluation case without superiority.,Problem relevance + testability + bounded evidence path.,V7 engineering rationale.,Why evaluate this?,No “best” or “guaranteed” language.,John
11,What We Want to Measure,John,Define observables.,"Motion, structural reactions, load transfer, restraint interaction, component behavior, rebound.",V6/V7 validation observables.,Which observables matter most?,Targets only; not current results.,John
12,Current Engineering Stage,John,State maturity precisely.,Controlled reconstruction / engineering baseline; not manufacturing or safety validation.,V7 baseline + validation matrix.,What exists today?,No production or crash claim.,John
13,Existing Evidence,John,Separate evidence classes.,Source-derived / design intent / model-level / physical / unknown.,V7/V6 + validation matrix.,Which evidence class supports this?,Do not merge classes.,John
14,Open Evidence / Gaps,John,Expose what remains.,"Vehicle inputs, materials/joints, physical behavior, manufacturing definition, validation.",Canonical readiness + V7 gap layers.,What blocks the next gate?,Internal exact gap files are not disclosed.,John
15,Development & Validation Path,John,Show the staged gate model.,Concept → model → CAE → prototype → dynamic test → correlation → validation.,V7/V6 gates.,What is required before testing?,Proposed path vs completed work distinguished.,John
16,Real-World Adoption / Industrialization,John,Show how a company could enter.,Evaluate → scoped engineering → evidence → development → manufacturing/validation.,Proposed development path.,Where can we enter?,No commitment inferred.,John → Naif
17,Partnership / Engagement Models,Naif,Discuss possible commercial forms without assuming one.,"Paid engineering, test services, co-development, research, sponsorship/investment as possible structures.",Qualification framework.,What structure do you actually support?,No promise of any structure.,Naif
18,Proposed Phase-1,John,Offer one bounded technical result.,"Minimum credible engineering assessment with defined inputs, outputs and acceptance.",Meeting system + project evidence discipline.,What is the minimum useful scope?,No promise to close all gaps.,John → Naif
19,Technical Qualification C1–C5,John,Begin qualification.,C1 Scope → C2 Evidence → C3 Entry → C4 Commercial → C5 NDA.,Qualification framework.,Which C can we answer today?,Do not infer answers.,John
20,ARRK / Calspan / Toyota Boshoku Routes,John,Show tailored entry points.,ARRK: Passive Safety/CAE; Calspan: Test/Measurement; TBA: Advanced Development.,Current outreach record + company-specific questions.,What is your capability fit?,No partner/customer claim.,John → Company
21,Expected Q&A,John,Prepare factual answers.,KNOWN → LIMITATION → EVIDENCE NEEDED → NEXT ACTION.,Controlled Q&A set.,"What about CAD, data, validation, IP?",L1 boundary stays intact.,John
22,Red Team / Falsification,John,Invite technical skepticism.,Ask what could kill the hypothesis cheaply and credibly.,Falsification rule + validation path.,What would make us stop?,No invented kill thresholds.,John → Company
23,Problem-Solving Workshop,John,Handle real technical disagreements.,Problem → hypotheses → constraints → alternatives → evidence → falsification → decision.,Workshop framework.,Which issue should we solve first?,No silent reconciliation.,John
24,Brainstorming & Change Governance,John,Prevent meeting ideas from corrupting baseline.,Ideas are classified A/B/C/D and stay non-authoritative until gated.,Change-control rule.,Is this compatible or a redesign?,No V7 change by meeting discussion.,John
25,Team / Decision / Action Governance,Naif,Assign ownership.,One task = one owner = one deadline.,Team/action logs.,Who owns the next step?,No action without evidence criterion.,Naif
26,Trust / Credibility,John,Close the credibility argument.,Transparent process beats unsupported product claims.,Evidence discipline + independent review.,Why should we trust the program?,No claim that technology works.,John → Naif
27,DECISION / NEXT TECHNICAL DECISION,Naif,Close with a measurable commitment or explicit no-go.,"Scope, evidence, entry, NDA, action, owner, deadline, next review.",Meeting conversion procedure.,What exactly happens next?,No open-ended scope.,Naif
